id,source,title,setting,stationType,suggested_status,suggested_category,confidence,rationale,already_annotated,human_validated_status,human_validated_category,human_notes
AMBOSS-1,AMBOSS,Douleurs abdominales - Femme 47 ans,Service d'urgences,anamnese_examen,C,,0.40,[usmle_amboss_non_pediatric_no_match] Source USMLE/AMBOSS non triviale à transposer en droit CH — vérifier expert avant annotation,false,B,,
AMBOSS-2,AMBOSS,Douleurs abdominales - Femme 23 ans,Service d'urgences,anamnese_examen,C,,0.40,[usmle_amboss_non_pediatric_no_match] Source USMLE/AMBOSS non triviale à transposer en droit CH — vérifier expert avant annotation,false,B,,
AMBOSS-3,AMBOSS,Douleurs abdominales - Femme 34 ans,Cabinet médical,anamnese_examen,C,,0.40,[usmle_amboss_non_pediatric_no_match] Source USMLE/AMBOSS non triviale à transposer en droit CH — vérifier expert avant annotation,false,B,,
AMBOSS-4,AMBOSS,Saignements vaginaux - Femme 50 ans,Cabinet médical,anamnese_examen,C,,0.40,[usmle_amboss_non_pediatric_no_match] Source USMLE/AMBOSS non triviale à transposer en droit CH — vérifier expert avant annotation,false,B,,
AMBOSS-5,AMBOSS,Nausées - Femme 19 ans,Cabinet médical,anamnese_examen,C,,0.40,[usmle_amboss_non_pediatric_no_match] Source USMLE/AMBOSS non triviale à transposer en droit CH — vérifier expert avant annotation,false,B,,
AMBOSS-6,AMBOSS,Douleurs pelviennes - Femme 30 ans,Cabinet médical,anamnese_examen,C,,0.40,[usmle_amboss_non_pediatric_no_match] Source USMLE/AMBOSS non triviale à transposer en droit CH — vérifier expert avant annotation,false,B,,
AMBOSS-7,AMBOSS,Toux et fièvre - Fillette 2 ans,Consultation téléphonique,teleconsultation,C,,0.40,"[teleconsult_non_violence] Téléconsultation hors maltraitance — responsabilité médicale, hors scope Phase 6 J1",false,B,,
AMBOSS-8,AMBOSS,Troubles du transit - Homme 32 ans,Cabinet médical,anamnese_examen,C,,0.40,[usmle_amboss_non_pediatric_no_match] Source USMLE/AMBOSS non triviale à transposer en droit CH — vérifier expert avant annotation,false,B,,
AMBOSS-9,AMBOSS,Douleurs dorsales - Homme 71 ans,Service d'urgences,anamnese_examen,C,,0.40,[usmle_amboss_non_pediatric_no_match] Source USMLE/AMBOSS non triviale à transposer en droit CH — vérifier expert avant annotation,false,B,,
AMBOSS-10,AMBOSS,Douleurs dorsales et raideur - Homme 26 ans,Service d'urgences,anamnese_examen,C,,0.40,[usmle_amboss_non_pediatric_no_match] Source USMLE/AMBOSS non triviale à transposer en droit CH — vérifier expert avant annotation,false,B,,
AMBOSS-11,AMBOSS,Selles noires - Homme 65 ans,Cabinet médical,anamnese_examen,C,,0.40,[usmle_amboss_non_pediatric_no_match] Source USMLE/AMBOSS non triviale à transposer en droit CH — vérifier expert avant annotation,false,B,,
AMBOSS-12,AMBOSS,Douleur thoracique - Femme 35 ans,Service d'urgences,anamnese_examen,C,,0.40,[usmle_amboss_non_pediatric_no_match] Source USMLE/AMBOSS non triviale à transposer en droit CH — vérifier expert avant annotation,false,B,,
AMBOSS-13,AMBOSS,Douleur thoracique - Homme 35 ans,Service d'urgences,anamnese_examen,C,,0.40,[usmle_amboss_non_pediatric_no_match] Source USMLE/AMBOSS non triviale à transposer en droit CH — vérifier expert avant annotation,false,B,,
AMBOSS-14,AMBOSS,Douleur thoracique - Homme 45 ans,Service d'urgences,anamnese_examen,C,,0.40,[usmle_amboss_non_pediatric_no_match] Source USMLE/AMBOSS non triviale à transposer en droit CH — vérifier expert avant annotation,false,B,,
AMBOSS-15,AMBOSS,Douleur abdominale chronique - Garçon 6 ans,Consultation téléphonique,teleconsultation,C,,0.40,"[teleconsult_non_violence] Téléconsultation hors maltraitance — responsabilité médicale, hors scope Phase 6 J1",false,B,,
AMBOSS-16,AMBOSS,Troubles du sommeil - Femme 32 ans,Cabinet médical,anamnese_examen,C,,0.40,[usmle_amboss_non_pediatric_no_match] Source USMLE/AMBOSS non triviale à transposer en droit CH — vérifier expert avant annotation,false,B,,
AMBOSS-17,AMBOSS,Troubles de mémoire - Femme 70 ans,Cabinet médical,anamnese_examen,C,,0.40,[usmle_amboss_non_pediatric_no_match] Source USMLE/AMBOSS non triviale à transposer en droit CH — vérifier expert avant annotation,false,B,,
AMBOSS-18,AMBOSS,Toux chronique - Femme 21 ans,Clinique de santé étudiante,anamnese_examen,C,,0.40,[usmle_amboss_non_pediatric_no_match] Source USMLE/AMBOSS non triviale à transposer en droit CH — vérifier expert avant annotation,false,B,,
AMBOSS-19,AMBOSS,Toux chronique - Femme 53 ans,Cabinet médical,anamnese_examen,C,,0.40,[usmle_amboss_non_pediatric_no_match] Source USMLE/AMBOSS non triviale à transposer en droit CH — vérifier expert avant annotation,false,B,,
AMBOSS-20,AMBOSS,Diminution de sensation dans les extrémités - Homme 42 ans,Cabinet médical,anamnese_examen,C,,0.40,[usmle_amboss_non_pediatric_no_match] Source USMLE/AMBOSS non triviale à transposer en droit CH — vérifier expert avant annotation,false,B,,
AMBOSS-21,AMBOSS,Hématurie - Homme 23 ans,Service d'urgence,anamnese_examen,C,,0.40,[usmle_amboss_non_pediatric_no_match] Source USMLE/AMBOSS non triviale à transposer en droit CH — vérifier expert avant annotation,false,B,,
AMBOSS-22,AMBOSS,Dysphagie - Femme 60 ans,Cabinet médical,anamnese_examen,C,,0.40,[usmle_amboss_non_pediatric_no_match] Source USMLE/AMBOSS non triviale à transposer en droit CH — vérifier expert avant annotation,false,B,,
AMBOSS-23,AMBOSS,Perte auditive - Homme 65 ans,Cabinet médical,anamnese_examen,C,,0.40,[usmle_amboss_non_pediatric_no_match] Source USMLE/AMBOSS non triviale à transposer en droit CH — vérifier expert avant annotation,false,B,,
AMBOSS-24,AMBOSS,Évaluation après chute - Femme 30 ans,Clinique de soins urgents,anamnese_examen,A,secret_pro_levee,1.00,Déjà annotée Phase 5 — legalContext présent dans la fixture,true,A,secret_pro_levee,
AMBOSS-25,AMBOSS,Douleur au genou - Femme 47 ans,Cabinet médical,anamnese_examen,C,,0.40,[usmle_amboss_non_pediatric_no_match] Source USMLE/AMBOSS non triviale à transposer en droit CH — vérifier expert avant annotation,false,B,,
AMBOSS-26,AMBOSS,Céphalée - Homme 29 ans,Clinique de soins urgents,anamnese_examen,C,,0.40,[usmle_amboss_non_pediatric_no_match] Source USMLE/AMBOSS non triviale à transposer en droit CH — vérifier expert avant annotation,false,B,,
AMBOSS-27,AMBOSS,Fatigue - Femme 28 ans,Cabinet médical,anamnese_examen,C,,0.40,[usmle_amboss_non_pediatric_no_match] Source USMLE/AMBOSS non triviale à transposer en droit CH — vérifier expert avant annotation,false,B,,
AMBOSS-28,AMBOSS,Prise de poids - Homme 45 ans,Cabinet médical,anamnese_examen,C,,0.40,[usmle_amboss_non_pediatric_no_match] Source USMLE/AMBOSS non triviale à transposer en droit CH — vérifier expert avant annotation,false,B,,
AMBOSS-29,AMBOSS,Fatigue - Femme 18 ans,Cabinet médical,anamnese_examen,C,,0.40,[usmle_amboss_non_pediatric_no_match] Source USMLE/AMBOSS non triviale à transposer en droit CH — vérifier expert avant annotation,false,B,,
AMBOSS-30,AMBOSS,Mal de gorge - Homme 19 ans,Clinique de soins urgents,anamnese_examen,C,,0.40,[usmle_amboss_non_pediatric_no_match] Source USMLE/AMBOSS non triviale à transposer en droit CH — vérifier expert avant annotation,false,B,,
AMBOSS-31,AMBOSS,Toux - Homme 58 ans,Service d'urgences,anamnese_examen,C,,0.40,[usmle_amboss_non_pediatric_no_match] Source USMLE/AMBOSS non triviale à transposer en droit CH — vérifier expert avant annotation,false,B,,
AMBOSS-32,AMBOSS,Lésion génitale - Femme 17 ans,Cabinet médical,anamnese_examen,C,,0.40,[usmle_amboss_non_pediatric_no_match] Source USMLE/AMBOSS non triviale à transposer en droit CH — vérifier expert avant annotation,false,B,,
AMBOSS-33,AMBOSS,Céphalée - Femme 55 ans,Service d'urgences,anamnese_examen,C,,0.40,[usmle_amboss_non_pediatric_no_match] Source USMLE/AMBOSS non triviale à transposer en droit CH — vérifier expert avant annotation,false,B,,
AMBOSS-34,AMBOSS,Perte de vision - Homme 66 ans,Clinique de soins urgents,anamnese_examen,C,,0.40,[usmle_amboss_non_pediatric_no_match] Source USMLE/AMBOSS non triviale à transposer en droit CH — vérifier expert avant annotation,false,B,,
AMBOSS-35,AMBOSS,Brûlures d'estomac - Femme 54 ans,Cabinet médical,anamnese_examen,C,,0.40,[usmle_amboss_non_pediatric_no_match] Source USMLE/AMBOSS non triviale à transposer en droit CH — vérifier expert avant annotation,false,B,,
AMBOSS-36,AMBOSS,Fatigue - Homme 54 ans,Cabinet médical,anamnese_examen,C,,0.40,[usmle_amboss_non_pediatric_no_match] Source USMLE/AMBOSS non triviale à transposer en droit CH — vérifier expert avant annotation,false,B,,
AMBOSS-37,AMBOSS,Changements cutanés - Nouveau-née 4 jours,Cabinet médical,pediatrie_accompagnant,C,,0.40,"[pediatrics_no_redflag] Pédiatrie standard sans red flag de maltraitance — consentement parental implicite, hors scope Phase 5/6",false,B,,
AMBOSS-38,AMBOSS,Douleur à la cheville - Femme 28 ans,Cabinet médical,anamnese_examen,C,,0.40,[usmle_amboss_non_pediatric_no_match] Source USMLE/AMBOSS non triviale à transposer en droit CH — vérifier expert avant annotation,false,B,,
AMBOSS-39,AMBOSS,Douleur à l'épaule - Homme 52 ans,Cabinet médical,anamnese_examen,C,,0.40,[usmle_amboss_non_pediatric_no_match] Source USMLE/AMBOSS non triviale à transposer en droit CH — vérifier expert avant annotation,false,B,,
AMBOSS-40,AMBOSS,Vertiges - Homme 25 ans,Cabinet médical,anamnese_examen,C,,0.40,[usmle_amboss_non_pediatric_no_match] Source USMLE/AMBOSS non triviale à transposer en droit CH — vérifier expert avant annotation,false,B,,
German-1,German,Abus d'alcool,Cabinet de médecine générale,anamnese_examen,B,,0.60,"Consultation clinique standard (anamnèse/examen ou triage), aucun marqueur médico-légal détecté",false,B,,
German-2,German,Acouphènes,Cabinet ORL,anamnese_examen,B,,0.60,"Consultation clinique standard (anamnèse/examen ou triage), aucun marqueur médico-légal détecté",false,B,,
German-3,German,Allaitement - Pédiatrie,Cabinet de pédiatrie,pediatrie_accompagnant,C,,0.40,"[pediatrics_no_redflag] Pédiatrie standard sans red flag de maltraitance — consentement parental implicite, hors scope Phase 5/6",false,B,,
German-4,German,Anxiété,Cabinet de psychiatrie (remplacement),psy,C,,0.40,[psy_no_emergency] Psychiatrie sans urgence suicidaire — peut nécessiter directives anticipées ou capacité de discernement (Phase 7),false,B,,
German-5,German,AVP,Cabinet de médecine générale,anamnese_examen,B,,0.60,"Consultation clinique standard (anamnèse/examen ou triage), aucun marqueur médico-légal détecté",false,B,,
German-6,German,Bouffées de chaleur,Cabinet de médecine générale,anamnese_examen,B,,0.60,"Consultation clinique standard (anamnèse/examen ou triage), aucun marqueur médico-légal détecté",false,B,,
German-7,German,Bradycardie,Cabinet de médecine générale,anamnese_examen,B,,0.60,"Consultation clinique standard (anamnèse/examen ou triage), aucun marqueur médico-légal détecté",false,B,,
German-8,German,Céphalées,Cabinet de médecine générale,anamnese_examen,B,,0.60,"Consultation clinique standard (anamnèse/examen ou triage), aucun marqueur médico-légal détecté",false,B,,
German-9,German,Céphalées,Cabinet de médecine générale,anamnese_examen,B,,0.60,"Consultation clinique standard (anamnèse/examen ou triage), aucun marqueur médico-légal détecté",false,B,,
German-10,German,Chute,Service d'urgences de l'hôpital cantonal de Lucerne,anamnese_examen,B,,0.60,"Consultation clinique standard (anamnèse/examen ou triage), aucun marqueur médico-légal détecté",false,B,,
German-11,German,Chute,Service d'urgences,anamnese_examen,B,,0.60,"Consultation clinique standard (anamnèse/examen ou triage), aucun marqueur médico-légal détecté",false,B,,
German-12,German,Constipation,Cabinet de médecine générale,anamnese_examen,B,,0.60,"Consultation clinique standard (anamnèse/examen ou triage), aucun marqueur médico-légal détecté",false,B,,
German-13,German,Diarrhée,Cabinet de médecine générale,anamnese_examen,B,,0.60,"Consultation clinique standard (anamnèse/examen ou triage), aucun marqueur médico-légal détecté",false,B,,
German-14,German,Difficultés scolaires - Pédiatrie,Cabinet de médecine générale,anamnese_examen,B,,0.60,"Consultation clinique standard (anamnèse/examen ou triage), aucun marqueur médico-légal détecté",false,B,,
German-15,German,Douleur abdominale,Cabinet de médecine générale,anamnese_examen,B,,0.60,"Consultation clinique standard (anamnèse/examen ou triage), aucun marqueur médico-légal détecté",false,B,,
German-16,German,Douleur abdominale,Cabinet de médecine générale,anamnese_examen,B,,0.60,"Consultation clinique standard (anamnèse/examen ou triage), aucun marqueur médico-légal détecté",false,B,,
German-17,German,Douleur abdominale,Cabinet de gynécologie,anamnese_examen,B,,0.60,"Consultation clinique standard (anamnèse/examen ou triage), aucun marqueur médico-légal détecté",false,B,,
German-18,German,Douleur abdominale,Service d'urgence,anamnese_examen,B,,0.60,"Consultation clinique standard (anamnèse/examen ou triage), aucun marqueur médico-légal détecté",false,B,,
German-19,German,Douleur abdominale,Service médical,anamnese_examen,B,,0.60,"Consultation clinique standard (anamnèse/examen ou triage), aucun marqueur médico-légal détecté",false,B,,
German-20,German,Douleur abdominale,Service d'urgence,anamnese_examen,B,,0.60,"Consultation clinique standard (anamnèse/examen ou triage), aucun marqueur médico-légal détecté",false,B,,
German-21,German,Douleur abdominale,Service d'urgence d'un hôpital régional,anamnese_examen,B,,0.60,"Consultation clinique standard (anamnèse/examen ou triage), aucun marqueur médico-légal détecté",false,B,,
German-22,German,Douleur au coude,Cabinet de médecine générale,anamnese_examen,B,,0.60,"Consultation clinique standard (anamnèse/examen ou triage), aucun marqueur médico-légal détecté",false,B,,
German-23,German,Douleur au genou,Cabinet de médecine générale,anamnese_examen,B,,0.60,"Consultation clinique standard (anamnèse/examen ou triage), aucun marqueur médico-légal détecté",false,B,,
German-24,German,Douleur au poignet,Cabinet de médecine générale,anamnese_examen,B,,0.60,"Consultation clinique standard (anamnèse/examen ou triage), aucun marqueur médico-légal détecté",false,B,,
German-25,German,Douleur au talon,Service d'urgence d'un hôpital régional,anamnese_examen,B,,0.60,"Consultation clinique standard (anamnèse/examen ou triage), aucun marqueur médico-légal détecté",false,B,,
German-26,German,Douleur aux jambes,Service d'urgences,anamnese_examen,B,,0.60,"Consultation clinique standard (anamnèse/examen ou triage), aucun marqueur médico-légal détecté",false,B,,
German-27,German,Douleur à l'épaule,Cabinet de médecine générale (remplacement),anamnese_examen,B,,0.60,"Consultation clinique standard (anamnèse/examen ou triage), aucun marqueur médico-légal détecté",false,B,,
German-28,German,Douleur à l'oreille - Pédiatrie,Service d'urgences pédiatriques,pediatrie_accompagnant,C,,0.40,"[pediatrics_no_redflag] Pédiatrie standard sans red flag de maltraitance — consentement parental implicite, hors scope Phase 5/6",false,B,,
German-29,German,Douleur à la hanche,Cabinet de médecine générale,anamnese_examen,B,,0.60,"Consultation clinique standard (anamnèse/examen ou triage), aucun marqueur médico-légal détecté",false,B,,
German-30,German,Douleur thoracique,Service d'urgence,anamnese_examen,B,,0.60,"Consultation clinique standard (anamnèse/examen ou triage), aucun marqueur médico-légal détecté",false,B,,
German-31,German,Douleur thoracique,Service d'urgence,anamnese_examen,B,,0.60,"Consultation clinique standard (anamnèse/examen ou triage), aucun marqueur médico-légal détecté",false,B,,
German-32,German,Douleur thoracique,Service d'urgence,anamnese_examen,B,,0.60,"Consultation clinique standard (anamnèse/examen ou triage), aucun marqueur médico-légal détecté",false,B,,
German-33,German,Douleur thoracique,Cabinet de médecine générale,anamnese_examen,B,,0.60,"Consultation clinique standard (anamnèse/examen ou triage), aucun marqueur médico-légal détecté",false,B,,
German-34,German,Dysphagie,Cabinet de médecine générale,anamnese_examen,B,,0.60,"Consultation clinique standard (anamnèse/examen ou triage), aucun marqueur médico-légal détecté",false,B,,
German-35,German,Dyspnée,Cabinet de médecine générale,anamnese_examen,B,,0.60,"Consultation clinique standard (anamnèse/examen ou triage), aucun marqueur médico-légal détecté",false,B,,
German-36,German,Dyspnée,Cabinet de médecine générale en zone rurale (remplacement),anamnese_examen,B,,0.60,"Consultation clinique standard (anamnèse/examen ou triage), aucun marqueur médico-légal détecté",false,B,,
German-37,German,Dysurie,Cabinet de médecine générale,anamnese_examen,B,,0.60,"Consultation clinique standard (anamnèse/examen ou triage), aucun marqueur médico-légal détecté",false,B,,
German-38,German,EM Tabac,Cabinet de médecine générale,anamnese_examen,B,,0.60,"Consultation clinique standard (anamnèse/examen ou triage), aucun marqueur médico-légal détecté",false,B,,
German-39,German,EM Vaccinations - Pédiatrie,Cabinet de médecine générale,pediatrie_accompagnant,C,,0.40,"[pediatrics_no_redflag] Pédiatrie standard sans red flag de maltraitance — consentement parental implicite, hors scope Phase 5/6",false,B,,
German-40,German,Enurésie - Pédiatrie,Cabinet de pédiatrie,pediatrie_accompagnant,C,,0.40,"[pediatrics_no_redflag] Pédiatrie standard sans red flag de maltraitance — consentement parental implicite, hors scope Phase 5/6",false,B,,
German-41,German,Epilepsie,Cabinet de médecine générale,anamnese_examen,B,,0.60,"Consultation clinique standard (anamnèse/examen ou triage), aucun marqueur médico-légal détecté",false,B,,
German-42,German,Eruption cutanée,Cabinet de médecine générale,anamnese_examen,B,,0.60,"Consultation clinique standard (anamnèse/examen ou triage), aucun marqueur médico-légal détecté",false,B,,
German-43,German,Eruption cutanée,Cabinet de médecine générale,pediatrie_accompagnant,C,,0.40,"[pediatrics_no_redflag] Pédiatrie standard sans red flag de maltraitance — consentement parental implicite, hors scope Phase 5/6",false,B,,
German-44,German,Erythème,Cabinet de médecine générale,anamnese_examen,B,,0.60,"Consultation clinique standard (anamnèse/examen ou triage), aucun marqueur médico-légal détecté",false,B,,
German-45,German,Fatigue,Cabinet de médecine générale,anamnese_examen,B,,0.60,"Consultation clinique standard (anamnèse/examen ou triage), aucun marqueur médico-légal détecté",false,B,,
German-46,German,Fatigue,Cabinet de médecine générale,anamnese_examen,B,,0.60,"Consultation clinique standard (anamnèse/examen ou triage), aucun marqueur médico-légal détecté",false,B,,
German-47,German,Fatigue,Cabinet de médecine générale,anamnese_examen,B,,0.60,"Consultation clinique standard (anamnèse/examen ou triage), aucun marqueur médico-légal détecté",false,B,,
German-48,German,Fièvre - Pédiatrie,Cabinet de pédiatrie,pediatrie_accompagnant,C,,0.40,"[pediatrics_no_redflag] Pédiatrie standard sans red flag de maltraitance — consentement parental implicite, hors scope Phase 5/6",false,B,,
German-49,German,Gonflement abdominal,Cabinet de médecine générale,anamnese_examen,B,,0.60,"Consultation clinique standard (anamnèse/examen ou triage), aucun marqueur médico-légal détecté",false,B,,
German-50,German,Gonflement du visage,Consultation ambulatoire de permanence,anamnese_examen,B,,0.60,"Consultation clinique standard (anamnèse/examen ou triage), aucun marqueur médico-légal détecté",false,B,,
German-51,German,Hématurie,Cabinet de médecine générale,anamnese_examen,B,,0.60,"Consultation clinique standard (anamnèse/examen ou triage), aucun marqueur médico-légal détecté",false,B,,
German-52,German,Hémoptysie,Service d'urgence,anamnese_examen,B,,0.60,"Consultation clinique standard (anamnèse/examen ou triage), aucun marqueur médico-légal détecté",false,B,,
German-53,German,Hypertension,Cabinet de médecine générale,anamnese_examen,B,,0.60,"Consultation clinique standard (anamnèse/examen ou triage), aucun marqueur médico-légal détecté",false,B,,
German-54,German,Hypertension,Cabinet de médecine générale,anamnese_examen,B,,0.60,"Consultation clinique standard (anamnèse/examen ou triage), aucun marqueur médico-légal détecté",false,B,,
German-55,German,Ictère,Cabinet de médecine générale,anamnese_examen,B,,0.60,"Consultation clinique standard (anamnèse/examen ou triage), aucun marqueur médico-légal détecté",false,B,,
German-56,German,Incontinence,Cabinet de médecine générale,anamnese_examen,B,,0.60,"Consultation clinique standard (anamnèse/examen ou triage), aucun marqueur médico-légal détecté",false,B,,
German-57,German,Lombalgie,Cabinet de médecine générale,anamnese_examen,B,,0.60,"Consultation clinique standard (anamnèse/examen ou triage), aucun marqueur médico-légal détecté",false,B,,
German-58,German,Lombalgie,Cabinet de médecine générale,anamnese_examen,B,,0.60,"Consultation clinique standard (anamnèse/examen ou triage), aucun marqueur médico-légal détecté",false,B,,
German-59,German,Lombalgie,Cabinet de médecine générale,anamnese_examen,B,,0.60,"Consultation clinique standard (anamnèse/examen ou triage), aucun marqueur médico-légal détecté",false,B,,
German-60,German,Malaise,Cabinet de médecine générale,anamnese_examen,B,,0.60,"Consultation clinique standard (anamnèse/examen ou triage), aucun marqueur médico-légal détecté",false,B,,
German-61,German,Malaise,Service d'urgences,anamnese_examen,B,,0.60,"Consultation clinique standard (anamnèse/examen ou triage), aucun marqueur médico-légal détecté",false,B,,
German-62,German,Masse mammaire,Cabinet de gynécologie,anamnese_examen,B,,0.60,"Consultation clinique standard (anamnèse/examen ou triage), aucun marqueur médico-légal détecté",false,B,,
German-63,German,Ménopause,Consultation gynécologique,anamnese_examen,B,,0.60,"Consultation clinique standard (anamnèse/examen ou triage), aucun marqueur médico-légal détecté",false,B,,
German-64,German,Obésité,Cabinet de médecine générale,anamnese_examen,B,,0.60,"Consultation clinique standard (anamnèse/examen ou triage), aucun marqueur médico-légal détecté",false,B,,
German-65,German,Otorrhée - Pédiatrie,Service d'urgences pédiatriques,pediatrie_accompagnant,C,,0.40,"[pediatrics_no_redflag] Pédiatrie standard sans red flag de maltraitance — consentement parental implicite, hors scope Phase 5/6",false,B,,
German-66,German,Palpitations,Cabinet de médecine générale,anamnese_examen,B,,0.60,"Consultation clinique standard (anamnèse/examen ou triage), aucun marqueur médico-légal détecté",false,B,,
German-67,German,Perte auditive,Consultation ORL d'urgence,anamnese_examen,B,,0.60,"Consultation clinique standard (anamnèse/examen ou triage), aucun marqueur médico-légal détecté",false,B,,
German-68,German,Perte auditive,Cabinet de médecine générale,anamnese_examen,B,,0.60,"Consultation clinique standard (anamnèse/examen ou triage), aucun marqueur médico-légal détecté",false,B,,
German-69,German,Perte de vision,Cabinet de médecine générale,anamnese_examen,B,,0.60,"Consultation clinique standard (anamnèse/examen ou triage), aucun marqueur médico-légal détecté",false,B,,
German-70,German,Pleurs inconsolables - Pédiatrie,Cabinet de médecine de famille - Garde de weekend,anamnese_examen,A,signalement_maltraitance,0.90,[minor_high_violence] Mineur + indice direct de maltraitance (violence/abus/trauma non expliqué),false,B,,
German-71,German,Pollakiurie,Cabinet de médecine générale,anamnese_examen,B,,0.60,"Consultation clinique standard (anamnèse/examen ou triage), aucun marqueur médico-légal détecté",false,B,,
German-72,German,Retard de croissance - Pédiatrie,Cabinet de médecine générale,pediatrie_accompagnant,C,,0.40,"[pediatrics_no_redflag] Pédiatrie standard sans red flag de maltraitance — consentement parental implicite, hors scope Phase 5/6",false,B,,
German-73,German,Saignement vaginal,Cabinet de médecine générale,anamnese_examen,B,,0.60,"Consultation clinique standard (anamnèse/examen ou triage), aucun marqueur médico-légal détecté",false,B,,
German-74,German,Tachycardie,Cabinet de médecine générale,anamnese_examen,B,,0.60,"Consultation clinique standard (anamnèse/examen ou triage), aucun marqueur médico-légal détecté",false,B,,
German-75,German,Toux,Cabinet de médecine générale,anamnese_examen,B,,0.60,"Consultation clinique standard (anamnèse/examen ou triage), aucun marqueur médico-légal détecté",false,B,,
German-76,German,Toux,Cabinet de médecine générale,anamnese_examen,B,,0.60,"Consultation clinique standard (anamnèse/examen ou triage), aucun marqueur médico-légal détecté",false,B,,
German-77,German,Toux,Cabinet de médecine générale,anamnese_examen,B,,0.60,"Consultation clinique standard (anamnèse/examen ou triage), aucun marqueur médico-légal détecté",false,B,,
German-78,German,Toux,Service d'urgences,anamnese_examen,B,,0.60,"Consultation clinique standard (anamnèse/examen ou triage), aucun marqueur médico-légal détecté",false,B,,
German-79,German,Toux - Consultation téléphonique - Pédiatrie,Consultation téléphonique pédiatrique - 21h00,teleconsultation,C,,0.40,"[teleconsult_non_violence] Téléconsultation hors maltraitance — responsabilité médicale, hors scope Phase 6 J1",false,B,,
German-80,German,Tremblement,Service de permanence,anamnese_examen,B,,0.60,"Consultation clinique standard (anamnèse/examen ou triage), aucun marqueur médico-légal détecté",false,B,,
German-81,German,Troubles de l'érection,Cabinet de médecine générale,anamnese_examen,B,,0.60,"Consultation clinique standard (anamnèse/examen ou triage), aucun marqueur médico-légal détecté",false,B,,
German-82,German,Troubles du sommeil,Cabinet de médecine générale,anamnese_examen,B,,0.60,"Consultation clinique standard (anamnèse/examen ou triage), aucun marqueur médico-légal détecté",false,B,,
German-83,German,Troubles sensoriels aux pieds,Cabinet de médecine générale,anamnese_examen,B,,0.60,"Consultation clinique standard (anamnèse/examen ou triage), aucun marqueur médico-légal détecté",false,B,,
German-84,German,Vomissements - Consultation téléphonique - Pédiatrie,Consultation téléphonique pédiatrique à 23h00,teleconsultation,C,,0.40,"[teleconsult_non_violence] Téléconsultation hors maltraitance — responsabilité médicale, hors scope Phase 6 J1",false,B,,
German-85,German,Vomissements et diarrhée - Pédiatrie,Cabinet de médecine générale,pediatrie_accompagnant,C,,0.40,"[pediatrics_no_redflag] Pédiatrie standard sans red flag de maltraitance — consentement parental implicite, hors scope Phase 5/6",false,B,,
German-86,German,Voyage au Brésil,Cabinet de médecine générale - Consultation de médecine des voyages,anamnese_examen,B,,0.60,"Consultation clinique standard (anamnèse/examen ou triage), aucun marqueur médico-légal détecté",false,B,,
German-87,German,Voyage à Madagascar,Cabinet de médecine générale - Consultation de médecine des voyages,pediatrie_accompagnant,C,,0.40,"[pediatrics_no_redflag] Pédiatrie standard sans red flag de maltraitance — consentement parental implicite, hors scope Phase 5/6",false,B,,
German-88,German,Yeux rouges,Cabinet de médecine générale,anamnese_examen,B,,0.60,"Consultation clinique standard (anamnèse/examen ou triage), aucun marqueur médico-légal détecté",false,B,,
RESCOS-1,RESCOS,Adénopathie sus-claviculaire - ECC Lymphatique,Cabinet d'hématologie,anamnese_examen,B,,0.60,"Consultation clinique standard (anamnèse/examen ou triage), aucun marqueur médico-légal détecté",false,B,,
RESCOS-2,RESCOS,Adénopathie sus-claviculaire,Cabinet de médecine générale,anamnese_examen,B,,0.60,"Consultation clinique standard (anamnèse/examen ou triage), aucun marqueur médico-légal détecté",false,B,,
RESCOS-3,RESCOS,Amaurose,Service d'urgences,anamnese_examen,B,,0.60,"Consultation clinique standard (anamnèse/examen ou triage), aucun marqueur médico-légal détecté",false,B,,
RESCOS-4,RESCOS,AVP,Service d'urgences,anamnese_examen,B,,0.60,"Consultation clinique standard (anamnèse/examen ou triage), aucun marqueur médico-légal détecté",false,B,,
RESCOS-5,RESCOS,AVP,Urgences - Box de déchocage,anamnese_examen,B,,0.60,"Consultation clinique standard (anamnèse/examen ou triage), aucun marqueur médico-légal détecté",false,B,,
RESCOS-6,RESCOS,AVP,Urgences - Salle de déchocage,anamnese_examen,B,,0.60,"Consultation clinique standard (anamnèse/examen ou triage), aucun marqueur médico-légal détecté",false,B,,
RESCOS-7,RESCOS,BBN,"Service de neurochirurgie, CHUV",bbn,C,,0.40,[bbn] BBN (annonce diagnostic grave) — pas de cadre médico-légal CH formalisé Phase 5/6,false,B,,
RESCOS-8,RESCOS,BBN - Récidive cancer ovarien,Service des urgences,bbn,C,,0.40,[bbn] BBN (annonce diagnostic grave) — pas de cadre médico-légal CH formalisé Phase 5/6,false,B,,
RESCOS-9,RESCOS,Boiterie pédiatrique,"Urgences, médecin assistant",pediatrie_accompagnant,C,,0.40,"[pediatrics_no_redflag] Pédiatrie standard sans red flag de maltraitance — consentement parental implicite, hors scope Phase 5/6",false,B,,
RESCOS-9b,RESCOS,Boiterie pédiatrique - Fillette de 2 ans,Urgences d'un hôpital pédiatrique,pediatrie_accompagnant,C,,0.40,"[pediatrics_no_redflag] Pédiatrie standard sans red flag de maltraitance — consentement parental implicite, hors scope Phase 5/6",false,B,,
RESCOS-10 -Céphalée,RESCOS,RESCOS-10 -Céphalée,Urgences,anamnese_examen,B,,0.60,"Consultation clinique standard (anamnèse/examen ou triage), aucun marqueur médico-légal détecté",false,B,,
RESCOS-11,RESCOS,Chute,Service d'urgences,anamnese_examen,B,,0.60,"Consultation clinique standard (anamnèse/examen ou triage), aucun marqueur médico-légal détecté",false,B,,
RESCOS-12,RESCOS,Crise de panique,Service d'urgences,anamnese_examen,B,,0.60,"Consultation clinique standard (anamnèse/examen ou triage), aucun marqueur médico-légal détecté",false,B,,
RESCOS-13,RESCOS,Dépression,Urgences psychiatriques du CHUV,psy,C,,0.40,[psy_no_emergency] Psychiatrie sans urgence suicidaire — peut nécessiter directives anticipées ou capacité de discernement (Phase 7),false,B,,
RESCOS-14,RESCOS,Diarrhées,Urgences,anamnese_examen,B,,0.60,"Consultation clinique standard (anamnèse/examen ou triage), aucun marqueur médico-légal détecté",false,B,,
RESCOS-15,RESCOS,Diarrhées et constipation,Cabinet de médecine générale,anamnese_examen,B,,0.60,"Consultation clinique standard (anamnèse/examen ou triage), aucun marqueur médico-légal détecté",false,B,,
RESCOS-16,RESCOS,Diplopie,Service d'urgences,anamnese_examen,B,,0.60,"Consultation clinique standard (anamnèse/examen ou triage), aucun marqueur médico-légal détecté",false,B,,
RESCOS-17,RESCOS,Douleur abdominale,Service d'urgences,anamnese_examen,B,,0.60,"Consultation clinique standard (anamnèse/examen ou triage), aucun marqueur médico-légal détecté",false,B,,
RESCOS-18,RESCOS,Douleur abdominale,Cabinet du généraliste,anamnese_examen,B,,0.60,"Consultation clinique standard (anamnèse/examen ou triage), aucun marqueur médico-légal détecté",false,B,,
RESCOS-19,RESCOS,Douleur abdominale,Cabinet du généraliste,anamnese_examen,B,,0.60,"Consultation clinique standard (anamnèse/examen ou triage), aucun marqueur médico-légal détecté",false,B,,
RESCOS-20,RESCOS,Douleur abdominale,Urgences,anamnese_examen,B,,0.60,"Consultation clinique standard (anamnèse/examen ou triage), aucun marqueur médico-légal détecté",false,B,,
RESCOS-21,RESCOS,Douleur abdominale,Service des urgences,anamnese_examen,B,,0.60,"Consultation clinique standard (anamnèse/examen ou triage), aucun marqueur médico-légal détecté",false,B,,
RESCOS-22,RESCOS,Douleur abdominale - ECC Digestion,Service d'urgences,anamnese_examen,B,,0.60,"Consultation clinique standard (anamnèse/examen ou triage), aucun marqueur médico-légal détecté",false,B,,
RESCOS-23,RESCOS,Douleur abdominale - ECC Digestion,Cabinet de gastro-entérologie,anamnese_examen,B,,0.60,"Consultation clinique standard (anamnèse/examen ou triage), aucun marqueur médico-légal détecté",false,B,,
RESCOS-24,RESCOS,Douleur au flanc,Urgences de Delémont,anamnese_examen,B,,0.60,"Consultation clinique standard (anamnèse/examen ou triage), aucun marqueur médico-légal détecté",false,B,,
RESCOS-25,RESCOS,Douleur au flanc et troubles mictionnels - ECC Urologie,Cabinet de médecine générale,anamnese_examen,B,,0.60,"Consultation clinique standard (anamnèse/examen ou triage), aucun marqueur médico-légal détecté",false,B,,
RESCOS-26,RESCOS,Douleur au mollet,Cabinet de médecine générale,anamnese_examen,B,,0.60,"Consultation clinique standard (anamnèse/examen ou triage), aucun marqueur médico-légal détecté",false,B,,
RESCOS-27,RESCOS,Douleur au mollet - ECC Vasculaire,Cabinet de médecine générale,anamnese_examen,B,,0.60,"Consultation clinique standard (anamnèse/examen ou triage), aucun marqueur médico-légal détecté",false,B,,
RESCOS-28,RESCOS,Douleur à la hanche,Cabinet de médecine générale,anamnese_examen,B,,0.60,"Consultation clinique standard (anamnèse/examen ou triage), aucun marqueur médico-légal détecté",false,B,,
RESCOS-29,RESCOS,Douleur à la jambe,Cabinet de médecine générale,anamnese_examen,B,,0.60,"Consultation clinique standard (anamnèse/examen ou triage), aucun marqueur médico-légal détecté",false,B,,
RESCOS-30,RESCOS,Douleur à la jambe - ECC Neurologie,Service de neurologie,anamnese_examen,B,,0.60,"Consultation clinique standard (anamnèse/examen ou triage), aucun marqueur médico-légal détecté",false,B,,
RESCOS-31,RESCOS,Douleur lombaire,Service des urgences,anamnese_examen,B,,0.60,"Consultation clinique standard (anamnèse/examen ou triage), aucun marqueur médico-légal détecté",false,B,,
RESCOS-32,RESCOS,Douleur oculaire,Cabinet de médecine générale,anamnese_examen,B,,0.60,"Consultation clinique standard (anamnèse/examen ou triage), aucun marqueur médico-légal détecté",false,B,,
RESCOS-33,RESCOS,Douleur pelviennes - ECC Gynécologique,Cabinet de gynécologie,anamnese_examen,B,,0.60,"Consultation clinique standard (anamnèse/examen ou triage), aucun marqueur médico-légal détecté",false,B,,
RESCOS-34,RESCOS,Douleur thoracique,Urgences du CHUV,anamnese_examen,B,,0.60,"Consultation clinique standard (anamnèse/examen ou triage), aucun marqueur médico-légal détecté",false,B,,
RESCOS-35,RESCOS,Douleur thoracique,Cabinet du généraliste,anamnese_examen,B,,0.60,"Consultation clinique standard (anamnèse/examen ou triage), aucun marqueur médico-légal détecté",false,B,,
RESCOS-36,RESCOS,Douleur thoracique,Cabinet de médecine générale,anamnese_examen,B,,0.60,"Consultation clinique standard (anamnèse/examen ou triage), aucun marqueur médico-légal détecté",false,B,,
RESCOS-37,RESCOS,Douleur thoracique - ECC Cardiologie,Cabinet de cardiologie,anamnese_examen,B,,0.60,"Consultation clinique standard (anamnèse/examen ou triage), aucun marqueur médico-légal détecté",false,B,,
RESCOS-38,RESCOS,Douleurs articulaires,Cabinet de médecine générale,anamnese_examen,B,,0.60,"Consultation clinique standard (anamnèse/examen ou triage), aucun marqueur médico-légal détecté",false,B,,
RESCOS-39,RESCOS,Dyspnée,Cabinet de médecine générale,anamnese_examen,B,,0.60,"Consultation clinique standard (anamnèse/examen ou triage), aucun marqueur médico-légal détecté",false,B,,
RESCOS-40,RESCOS,Dyspnée - ECC Cardio-pulmonaire,Cabinet de médecine générale,anamnese_examen,B,,0.60,"Consultation clinique standard (anamnèse/examen ou triage), aucun marqueur médico-légal détecté",false,B,,
RESCOS-41,RESCOS,Dysurie,Cabinet du spécialiste - gynécologie,anamnese_examen,B,,0.60,"Consultation clinique standard (anamnèse/examen ou triage), aucun marqueur médico-légal détecté",false,B,,
RESCOS-42,RESCOS,Dysurie,Cabinet du généraliste,anamnese_examen,B,,0.60,"Consultation clinique standard (anamnèse/examen ou triage), aucun marqueur médico-légal détecté",false,B,,
RESCOS-43,RESCOS,EM tabac,Cabinet de médecine générale,anamnese_examen,B,,0.60,"Consultation clinique standard (anamnèse/examen ou triage), aucun marqueur médico-légal détecté",false,B,,
RESCOS-44,RESCOS,Fatigue,Policlinique,anamnese_examen,B,,0.60,"Consultation clinique standard (anamnèse/examen ou triage), aucun marqueur médico-légal détecté",false,B,,
RESCOS-45,RESCOS,Fatigue,Cabinet du généraliste,anamnese_examen,B,,0.60,"Consultation clinique standard (anamnèse/examen ou triage), aucun marqueur médico-légal détecté",false,B,,
RESCOS-46,RESCOS,Fièvre,Urgences,anamnese_examen,B,,0.60,"Consultation clinique standard (anamnèse/examen ou triage), aucun marqueur médico-légal détecté",false,B,,
RESCOS-47,RESCOS,Ictère,Cabinet du généraliste,anamnese_examen,B,,0.60,"Consultation clinique standard (anamnèse/examen ou triage), aucun marqueur médico-légal détecté",false,B,,
RESCOS-48,RESCOS,Lombalgie,Cabinet du généraliste,anamnese_examen,B,,0.60,"Consultation clinique standard (anamnèse/examen ou triage), aucun marqueur médico-légal détecté",false,B,,
RESCOS-49,RESCOS,Malaise,Service d'urgences,anamnese_examen,B,,0.60,"Consultation clinique standard (anamnèse/examen ou triage), aucun marqueur médico-légal détecté",false,B,,
RESCOS-50,RESCOS,Malaise,Urgences,anamnese_examen,B,,0.60,"Consultation clinique standard (anamnèse/examen ou triage), aucun marqueur médico-légal détecté",false,B,,
RESCOS-51,RESCOS,Oedèmes des MI,Cabinet de médecine générale,anamnese_examen,B,,0.60,"Consultation clinique standard (anamnèse/examen ou triage), aucun marqueur médico-légal détecté",false,B,,
RESCOS-52,RESCOS,Paralysie,Urgences,anamnese_examen,B,,0.60,"Consultation clinique standard (anamnèse/examen ou triage), aucun marqueur médico-légal détecté",false,B,,
RESCOS-53,RESCOS,Parésie facio-brachiale - ECC Neurologie,Service de neurologie,anamnese_examen,B,,0.60,"Consultation clinique standard (anamnèse/examen ou triage), aucun marqueur médico-légal détecté",false,B,,
RESCOS-54,RESCOS,Présentation au CDC,Service de médecine interne,anamnese_examen,B,,0.60,"Consultation clinique standard (anamnèse/examen ou triage), aucun marqueur médico-légal détecté",false,B,,
RESCOS-55,RESCOS,Présentation au Colloque social,Service de médecine interne - Colloque pluridisciplinaire,anamnese_examen,B,,0.60,"Consultation clinique standard (anamnèse/examen ou triage), aucun marqueur médico-légal détecté",false,B,,
RESCOS-56,RESCOS,Prurit,Cabinet de médecine générale,anamnese_examen,B,,0.60,"Consultation clinique standard (anamnèse/examen ou triage), aucun marqueur médico-légal détecté",false,B,,
RESCOS-57,RESCOS,Ralentissement - Consultation téléphonique EMS,Urgence hôpital régional - Consultation téléphonique avec infirmier·ère d'EMS,teleconsultation,C,,0.40,"[teleconsult_non_violence] Téléconsultation hors maltraitance — responsabilité médicale, hors scope Phase 6 J1",false,B,,
RESCOS-57b,RESCOS,Ralentissement - Consultation téléphonique,Urgences d'un hôpital régional (médecin assistant·e). Il est 21h30,anamnese_examen,B,,0.60,"Consultation clinique standard (anamnèse/examen ou triage), aucun marqueur médico-légal détecté",false,B,,
RESCOS-58,RESCOS,Rectorragies,Urgences d'un hôpital périphérique,anamnese_examen,B,,0.60,"Consultation clinique standard (anamnèse/examen ou triage), aucun marqueur médico-légal détecté",false,B,,
RESCOS-58b,RESCOS,Rectorragies,Urgences d'un hôpital régional,anamnese_examen,B,,0.60,"Consultation clinique standard (anamnèse/examen ou triage), aucun marqueur médico-légal détecté",false,B,,
RESCOS-59,RESCOS,SD - Cholestérol,Cabinet de médecine générale,anamnese_examen,B,,0.60,"Consultation clinique standard (anamnèse/examen ou triage), aucun marqueur médico-légal détecté",false,B,,
RESCOS-60,RESCOS,SD - Iléus palliatif,Service de médecine interne,anamnese_examen,B,,0.60,"Consultation clinique standard (anamnèse/examen ou triage), aucun marqueur médico-légal détecté",false,B,,
RESCOS-61,RESCOS,Suivi de grossesse - ECC Obstétrique,Service de gynécologie-obstétrique,anamnese_examen,B,,0.60,"Consultation clinique standard (anamnèse/examen ou triage), aucun marqueur médico-légal détecté",false,B,,
RESCOS-62,RESCOS,Toux - ECC Poumon,Cabinet de médecine générale,anamnese_examen,B,,0.60,"Consultation clinique standard (anamnèse/examen ou triage), aucun marqueur médico-légal détecté",false,B,,
RESCOS-63,RESCOS,Toux - Pédiatrie,"Urgences, hôpital régional",pediatrie_accompagnant,C,,0.40,"[pediatrics_no_redflag] Pédiatrie standard sans red flag de maltraitance — consentement parental implicite, hors scope Phase 5/6",false,B,,
RESCOS-64,RESCOS,Toux - Station double 1,Cabinet de médecine générale,anamnese_examen,B,,0.60,"Consultation clinique standard (anamnèse/examen ou triage), aucun marqueur médico-légal détecté",false,B,,
RESCOS-65,RESCOS,Tremblements - ECC Neurologie,Service de neurologie,anamnese_examen,B,,0.60,"Consultation clinique standard (anamnèse/examen ou triage), aucun marqueur médico-légal détecté",false,B,,
RESCOS-66,RESCOS,Troubles de l'équilibre - ECC Neurologie,Service de neurologie,anamnese_examen,B,,0.60,"Consultation clinique standard (anamnèse/examen ou triage), aucun marqueur médico-légal détecté",false,B,,
RESCOS-67,RESCOS,Fatigue,Cabinet de médecine générale de la Dre Kovac (médecin assistant·e),anamnese_examen,B,,0.60,"Consultation clinique standard (anamnèse/examen ou triage), aucun marqueur médico-légal détecté",false,B,,
RESCOS-68,RESCOS,Eruption cutanée,Cabinet de médecine générale (remplacement de la Dre Jacqueline Dupont),anamnese_examen,B,,0.60,"Consultation clinique standard (anamnèse/examen ou triage), aucun marqueur médico-légal détecté",false,B,,
RESCOS-69,RESCOS,Traumatisme MS - Basketteur 25 ans,Urgences d'un hôpital universitaire,anamnese_examen,B,,0.60,"Consultation clinique standard (anamnèse/examen ou triage), aucun marqueur médico-légal détecté",false,B,,
RESCOS-70,RESCOS,Contraception cachée + effets secondaires - Adolescente 16 ans,"Cabinet médical, consultation programmée",anamnese_examen,B,,0.60,"Consultation clinique standard (anamnèse/examen ou triage), aucun marqueur médico-légal détecté",false,B,,
RESCOS-71,RESCOS,Fin de vie à domicile - Accompagnante épuisée,"Consultation en unité de soins palliatifs mobiles, patient alité à domicile",anamnese_examen,B,,0.60,"Consultation clinique standard (anamnèse/examen ou triage), aucun marqueur médico-légal détecté",false,B,,
RESCOS-72,RESCOS,Certificat de complaisance - Arrêt de travail abusif,Cabinet de médecine générale,anamnese_examen,A,certificat_complaisance,1.00,Déjà annotée Phase 5 — legalContext présent dans la fixture,true,A,certificat_complaisance,
USMLE Triage 1,USMLE_Triage,Perte de Vision,Cabinet médical,triage,B,,0.60,"Consultation clinique standard (anamnèse/examen ou triage), aucun marqueur médico-légal détecté",false,B,,
USMLE Triage 2,USMLE_Triage,Œil Rouge,Cabinet médical,triage,B,,0.60,"Consultation clinique standard (anamnèse/examen ou triage), aucun marqueur médico-légal détecté",false,B,,
USMLE Triage 3,USMLE_Triage,Troubles de Mémoire,Cabinet médical,triage,B,,0.60,"Consultation clinique standard (anamnèse/examen ou triage), aucun marqueur médico-légal détecté",false,B,,
USMLE Triage 4,USMLE_Triage,Vertiges,Cabinet médical,triage,B,,0.60,"Consultation clinique standard (anamnèse/examen ou triage), aucun marqueur médico-légal détecté",false,B,,
USMLE Triage 5,USMLE_Triage,Céphalées,Cabinet médical,triage,B,,0.60,"Consultation clinique standard (anamnèse/examen ou triage), aucun marqueur médico-légal détecté",false,B,,
USMLE Triage 6,USMLE_Triage,Troubles du Sommeil,Clinique de médecine générale,triage,B,,0.60,"Consultation clinique standard (anamnèse/examen ou triage), aucun marqueur médico-légal détecté",false,B,,
USMLE Triage 7,USMLE_Triage,Céphalées,Service des urgences,triage,B,,0.60,"Consultation clinique standard (anamnèse/examen ou triage), aucun marqueur médico-légal détecté",false,B,,
USMLE Triage 8,USMLE_Triage,Syncope,Service des urgences,triage,B,,0.60,"Consultation clinique standard (anamnèse/examen ou triage), aucun marqueur médico-légal détecté",false,B,,
USMLE Triage 9,USMLE_Triage,Coup de Chaleur,Service hospitalier SMIG,triage,B,,0.60,"Consultation clinique standard (anamnèse/examen ou triage), aucun marqueur médico-légal détecté",false,B,,
USMLE Triage 10,USMLE_Triage,Masse Mammaire,Clinique de médecine générale,triage,B,,0.60,"Consultation clinique standard (anamnèse/examen ou triage), aucun marqueur médico-légal détecté",false,B,,
USMLE Triage 11,USMLE_Triage,Douleur Thoracique,Service des urgences,triage,B,,0.60,"Consultation clinique standard (anamnèse/examen ou triage), aucun marqueur médico-légal détecté",false,B,,
USMLE Triage 12,USMLE_Triage,Toux Chronique,Clinique de médecine générale,triage,B,,0.60,"Consultation clinique standard (anamnèse/examen ou triage), aucun marqueur médico-légal détecté",false,B,,
USMLE Triage 13,USMLE_Triage,Dyspnée,Service des urgences,triage,B,,0.60,"Consultation clinique standard (anamnèse/examen ou triage), aucun marqueur médico-légal détecté",false,B,,
USMLE Triage 14,USMLE_Triage,Perte de poids et Fatigue,Clinique médicale,triage,B,,0.60,"Consultation clinique standard (anamnèse/examen ou triage), aucun marqueur médico-légal détecté",false,B,,
USMLE Triage 15,USMLE_Triage,Symptômes Respiratoires,Clinique médicale,triage,B,,0.60,"Consultation clinique standard (anamnèse/examen ou triage), aucun marqueur médico-légal détecté",false,B,,
USMLE Triage 16,USMLE_Triage,Douleur Abdominale Masculine,Clinique médicale,triage,B,,0.60,"Consultation clinique standard (anamnèse/examen ou triage), aucun marqueur médico-légal détecté",false,B,,
USMLE Triage 17,USMLE_Triage,Nausées et Vomissements,Service des urgences,triage,B,,0.60,"Consultation clinique standard (anamnèse/examen ou triage), aucun marqueur médico-légal détecté",false,B,,
USMLE Triage 18,USMLE_Triage,Nausées et Vomissements,Service des urgences,triage,B,,0.60,"Consultation clinique standard (anamnèse/examen ou triage), aucun marqueur médico-légal détecté",false,B,,
USMLE Triage 19,USMLE_Triage,Douleur Abdominale Feminine,Service des urgences,triage,B,,0.60,"Consultation clinique standard (anamnèse/examen ou triage), aucun marqueur médico-légal détecté",false,B,,
USMLE Triage 20,USMLE_Triage,Douleur Antérieure du Genou,Clinique médicale,triage,B,,0.60,"Consultation clinique standard (anamnèse/examen ou triage), aucun marqueur médico-légal détecté",false,B,,
USMLE Triage 21,USMLE_Triage,Douleur au Poignet,Clinique médicale,triage,B,,0.60,"Consultation clinique standard (anamnèse/examen ou triage), aucun marqueur médico-légal détecté",false,B,,
USMLE Triage 22,USMLE_Triage,Douleurs Articulaires,Cabinet médical,triage,B,,0.60,"Consultation clinique standard (anamnèse/examen ou triage), aucun marqueur médico-légal détecté",false,B,,
USMLE Triage 23,USMLE_Triage,Lombalgie,Cabinet médical,triage,B,,0.60,"Consultation clinique standard (anamnèse/examen ou triage), aucun marqueur médico-légal détecté",false,B,,
USMLE Triage 24,USMLE_Triage,Lombalgie chez un patient âgé,Cabinet médical,triage,B,,0.60,"Consultation clinique standard (anamnèse/examen ou triage), aucun marqueur médico-légal détecté",false,B,,
USMLE Triage 25,USMLE_Triage,Douleur à l'épaule,Clinique,triage,B,,0.60,"Consultation clinique standard (anamnèse/examen ou triage), aucun marqueur médico-légal détecté",false,B,,
USMLE Triage 26,USMLE_Triage,Douleur du membre inférieur,Service des urgences,triage,B,,0.60,"Consultation clinique standard (anamnèse/examen ou triage), aucun marqueur médico-légal détecté",false,B,,
USMLE Triage 27,USMLE_Triage,Fatigue et Ecchymoses,Consultation médicale,triage,B,,0.60,"Consultation clinique standard (anamnèse/examen ou triage), aucun marqueur médico-légal détecté",false,B,,
USMLE Triage 28,USMLE_Triage,Fièvre pendant la grossesse,Cabinet médical,triage,B,,0.60,"Consultation clinique standard (anamnèse/examen ou triage), aucun marqueur médico-légal détecté",false,B,,
USMLE Triage 29,USMLE_Triage,Hématurie,Clinique médicale,triage,B,,0.60,"Consultation clinique standard (anamnèse/examen ou triage), aucun marqueur médico-légal détecté",false,B,,
USMLE Triage 30,USMLE_Triage,Masse Testiculaire,Consultation médicale,triage,B,,0.60,"Consultation clinique standard (anamnèse/examen ou triage), aucun marqueur médico-légal détecté",false,B,,
USMLE Triage 31,USMLE_Triage,Règles irrégulières,Cabinet médical,triage,B,,0.60,"Consultation clinique standard (anamnèse/examen ou triage), aucun marqueur médico-légal détecté",false,B,,
USMLE Triage 32,USMLE_Triage,Fièvre chez l'enfant,Cabinet médical,pediatrie_accompagnant,C,,0.40,"[pediatrics_no_redflag] Pédiatrie standard sans red flag de maltraitance — consentement parental implicite, hors scope Phase 5/6",false,B,,
USMLE Triage 33,USMLE_Triage,Patient Difficile - Fibromyalgie,Clinique médicale,triage,B,,0.60,"Consultation clinique standard (anamnèse/examen ou triage), aucun marqueur médico-légal détecté",false,B,,
USMLE Triage 34,USMLE_Triage,Patient Difficile - Recherche de Médicaments,Service des urgences,triage,B,,0.60,"Consultation clinique standard (anamnèse/examen ou triage), aucun marqueur médico-légal détecté",false,B,,
USMLE Triage 35,USMLE_Triage,Patient Difficile - Non Francophone,Clinique médicale,triage,B,,0.60,"Consultation clinique standard (anamnèse/examen ou triage), aucun marqueur médico-légal détecté",false,B,,
USMLE Triage 36,USMLE_Triage,Cas téléphonique - Douleur abdominale,Consultation téléphonique - Cabinet médical,teleconsultation,C,,0.40,"[teleconsult_non_violence] Téléconsultation hors maltraitance — responsabilité médicale, hors scope Phase 6 J1",false,B,,
USMLE Triage 37,USMLE_Triage,Cas téléphonique - Chute d'une personne âgée,Consultation téléphonique - Cabinet médical,teleconsultation,C,,0.40,"[teleconsult_non_violence] Téléconsultation hors maltraitance — responsabilité médicale, hors scope Phase 6 J1",false,B,,
USMLE Triage 38,USMLE_Triage,Cas téléphonique - Fin de grossesse,Consultation téléphonique - Service d'obstétrique,teleconsultation,C,,0.40,"[teleconsult_non_violence] Téléconsultation hors maltraitance — responsabilité médicale, hors scope Phase 6 J1",false,B,,
USMLE Triage 39,USMLE_Triage,Cas téléphonique - Suspicion de maltraitance,Consultation téléphonique - Clinique médicale,teleconsultation,A,signalement_maltraitance,0.90,[minor_high_violence] Mineur + indice direct de maltraitance (violence/abus/trauma non expliqué),false,A,signalement_maltraitance,
USMLE Triage 40,USMLE_Triage,Cas téléphonique - Intoxication,Consultation téléphonique - Service d'urgence,teleconsultation,C,,0.40,"[teleconsult_non_violence] Téléconsultation hors maltraitance — responsabilité médicale, hors scope Phase 6 J1",false,B,,
USMLE-1,USMLE,Douleur thoracique - Homme de 46 ans,Service d'urgences,anamnese_examen,C,,0.40,[usmle_amboss_non_pediatric_no_match] Source USMLE/AMBOSS non triviale à transposer en droit CH — vérifier expert avant annotation,false,B,,
USMLE-2,USMLE,Hématurie - Homme de 57 ans,Service d'urgences,anamnese_examen,C,,0.40,[usmle_amboss_non_pediatric_no_match] Source USMLE/AMBOSS non triviale à transposer en droit CH — vérifier expert avant annotation,false,B,,
USMLE-3,USMLE,Douleur dorsale - Homme de 51 ans,Cabinet médical,anamnese_examen,C,,0.40,[usmle_amboss_non_pediatric_no_match] Source USMLE/AMBOSS non triviale à transposer en droit CH — vérifier expert avant annotation,false,B,,
USMLE-4,USMLE,AVP - Homme de 25 ans,Service d'urgences,anamnese_examen,C,,0.40,[usmle_amboss_non_pediatric_no_match] Source USMLE/AMBOSS non triviale à transposer en droit CH — vérifier expert avant annotation,false,B,,
USMLE-5,USMLE,Test de grossesse positif - Femme de 28 ans,Clinique,anamnese_examen,C,,0.40,[usmle_amboss_non_pediatric_no_match] Source USMLE/AMBOSS non triviale à transposer en droit CH — vérifier expert avant annotation,false,B,,
USMLE-6,USMLE,Diabète pédiatrique - Fille de 10 ans,Cabinet médical,pediatrie_accompagnant,C,,0.40,"[pediatrics_no_redflag] Pédiatrie standard sans red flag de maltraitance — consentement parental implicite, hors scope Phase 5/6",false,B,,
USMLE-7,USMLE,Douleur épaule - Homme de 74 ans,Service d'urgences,anamnese_examen,C,,0.40,[usmle_amboss_non_pediatric_no_match] Source USMLE/AMBOSS non triviale à transposer en droit CH — vérifier expert avant annotation,false,B,,
USMLE-8,USMLE,Suivi diabète - Homme de 56 ans,Clinique,anamnese_examen,C,,0.40,[usmle_amboss_non_pediatric_no_match] Source USMLE/AMBOSS non triviale à transposer en droit CH — vérifier expert avant annotation,false,B,,
USMLE-9,USMLE,Agression sexuelle - Femme de 25 ans,Service d'urgences,anamnese_examen,C,,0.40,[usmle_amboss_non_pediatric_no_match] Source USMLE/AMBOSS non triviale à transposer en droit CH — vérifier expert avant annotation,false,C,,
USMLE-10,USMLE,Douleur mollet - Femme de 35 ans,Service d'urgences,anamnese_examen,C,,0.40,[usmle_amboss_non_pediatric_no_match] Source USMLE/AMBOSS non triviale à transposer en droit CH — vérifier expert avant annotation,false,B,,
USMLE-11,USMLE,Dysphonie - Homme de 62 ans,Cabinet médical,anamnese_examen,C,,0.40,[usmle_amboss_non_pediatric_no_match] Source USMLE/AMBOSS non triviale à transposer en droit CH — vérifier expert avant annotation,false,B,,
USMLE-12,USMLE,Douleurs cervicales - Femme de 67 ans,Cabinet médical,anamnese_examen,C,,0.40,[usmle_amboss_non_pediatric_no_match] Source USMLE/AMBOSS non triviale à transposer en droit CH — vérifier expert avant annotation,false,B,,
USMLE-13,USMLE,Douleurs abdominales - Femme 48 ans,Clinique médicale,anamnese_examen,C,,0.40,[usmle_amboss_non_pediatric_no_match] Source USMLE/AMBOSS non triviale à transposer en droit CH — vérifier expert avant annotation,false,B,,
USMLE-14,USMLE,Céphalée - Femme de 35 ans,Service d'urgences,anamnese_examen,C,,0.40,[usmle_amboss_non_pediatric_no_match] Source USMLE/AMBOSS non triviale à transposer en droit CH — vérifier expert avant annotation,false,B,,
USMLE-15,USMLE,Aménorrhée - Femme de 36 ans,Cabinet médical,anamnese_examen,C,,0.40,[usmle_amboss_non_pediatric_no_match] Source USMLE/AMBOSS non triviale à transposer en droit CH — vérifier expert avant annotation,false,B,,
USMLE-16,USMLE,Dyspareunie - Femme de 28 ans,Cabinet médical,anamnese_examen,C,,0.40,[usmle_amboss_non_pediatric_no_match] Source USMLE/AMBOSS non triviale à transposer en droit CH — vérifier expert avant annotation,false,B,,
USMLE-17,USMLE,Perte auditive - Homme de 75 ans,Cabinet médical,anamnese_examen,C,,0.40,[usmle_amboss_non_pediatric_no_match] Source USMLE/AMBOSS non triviale à transposer en droit CH — vérifier expert avant annotation,false,B,,
USMLE-18,USMLE,Ictère néonatal - Garçon de 5 jours,Consultation téléphonique au cabinet,teleconsultation,C,,0.40,"[teleconsult_non_violence] Téléconsultation hors maltraitance — responsabilité médicale, hors scope Phase 6 J1",false,B,,
USMLE-19,USMLE,Fièvre nourrisson - Garçon de 7 mois,Cabinet médical,pediatrie_accompagnant,C,,0.40,"[pediatrics_no_redflag] Pédiatrie standard sans red flag de maltraitance — consentement parental implicite, hors scope Phase 5/6",false,B,,
USMLE-20,USMLE,Toux - Homme de 26 ans,Cabinet médical,anamnese_examen,C,,0.40,[usmle_amboss_non_pediatric_no_match] Source USMLE/AMBOSS non triviale à transposer en droit CH — vérifier expert avant annotation,false,B,,
USMLE-21,USMLE,Ictère - Femme de 52 ans,Cabinet médical,anamnese_examen,C,,0.40,[usmle_amboss_non_pediatric_no_match] Source USMLE/AMBOSS non triviale à transposer en droit CH — vérifier expert avant annotation,false,B,,
USMLE-22,USMLE,Vertiges - Homme de 53 ans,Service d'urgences,anamnese_examen,C,,0.40,[usmle_amboss_non_pediatric_no_match] Source USMLE/AMBOSS non triviale à transposer en droit CH — vérifier expert avant annotation,false,B,,
USMLE-23,USMLE,Douleur genou - Femme de 33 ans,Clinique médicale,anamnese_examen,C,,0.40,[usmle_amboss_non_pediatric_no_match] Source USMLE/AMBOSS non triviale à transposer en droit CH — vérifier expert avant annotation,false,B,,
USMLE-24,USMLE,Douleur talon - Homme de 31 ans,Cabinet médical,anamnese_examen,C,,0.40,[usmle_amboss_non_pediatric_no_match] Source USMLE/AMBOSS non triviale à transposer en droit CH — vérifier expert avant annotation,false,B,,
USMLE-25,USMLE,Fièvre enfant - Fille de 18 mois,Cabinet médical,pediatrie_accompagnant,C,,0.40,"[pediatrics_no_redflag] Pédiatrie standard sans red flag de maltraitance — consentement parental implicite, hors scope Phase 5/6",false,B,,
USMLE-26,USMLE,Toux persistante - Femme de 54 ans,Cabinet médical,anamnese_examen,C,,0.40,[usmle_amboss_non_pediatric_no_match] Source USMLE/AMBOSS non triviale à transposer en droit CH — vérifier expert avant annotation,false,B,,
USMLE-27,USMLE,Fatigue - Homme 61 ans,Cabinet médical,anamnese_examen,C,,0.40,[usmle_amboss_non_pediatric_no_match] Source USMLE/AMBOSS non triviale à transposer en droit CH — vérifier expert avant annotation,false,B,,
USMLE-28,USMLE,Suivi hypertension - Homme 54 ans,Clinique de médecine générale,anamnese_examen,C,,0.40,[usmle_amboss_non_pediatric_no_match] Source USMLE/AMBOSS non triviale à transposer en droit CH — vérifier expert avant annotation,false,B,,
USMLE-29,USMLE,Problèmes de sommeil - Femme 20 ans,Clinique de médecine générale,anamnese_examen,C,,0.40,[usmle_amboss_non_pediatric_no_match] Source USMLE/AMBOSS non triviale à transposer en droit CH — vérifier expert avant annotation,false,B,,
USMLE-30,USMLE,Respiration bruyante enfant - Fillette 2 ans,Consultation téléphonique au cabinet,teleconsultation,C,,0.40,"[teleconsult_non_violence] Téléconsultation hors maltraitance — responsabilité médicale, hors scope Phase 6 J1",false,B,,
USMLE-31,USMLE,Douleurs abdominales - Femme 21 ans,Service d'urgences,anamnese_examen,C,,0.40,[usmle_amboss_non_pediatric_no_match] Source USMLE/AMBOSS non triviale à transposer en droit CH — vérifier expert avant annotation,false,B,,
USMLE-32,USMLE,Troubles mémoire - Femme 65 ans,Clinique de médecine générale,anamnese_examen,C,,0.40,[usmle_amboss_non_pediatric_no_match] Source USMLE/AMBOSS non triviale à transposer en droit CH — vérifier expert avant annotation,false,B,,
USMLE-33,USMLE,Fatigue - Homme 46 ans,Cabinet médical,anamnese_examen,C,,0.40,[usmle_amboss_non_pediatric_no_match] Source USMLE/AMBOSS non triviale à transposer en droit CH — vérifier expert avant annotation,false,B,,
USMLE-34,USMLE,Fatigue et violence domestique - Femme 32 ans,Cabinet médical,anamnese_examen,A,signalement_maltraitance,1.00,Déjà annotée Phase 5 — legalContext présent dans la fixture,true,A,signalement_maltraitance,
USMLE-35,USMLE,Hallucinations visuelles - Homme 27 ans,Service d'urgences,anamnese_examen,C,,0.40,[usmle_amboss_non_pediatric_no_match] Source USMLE/AMBOSS non triviale à transposer en droit CH — vérifier expert avant annotation,false,B,,
USMLE-36,USMLE,Examen médical pré-embauche - Homme 32 ans,Cabinet médical,anamnese_examen,C,,0.40,[usmle_amboss_non_pediatric_no_match] Source USMLE/AMBOSS non triviale à transposer en droit CH — vérifier expert avant annotation,false,B,,
USMLE-37,USMLE,Sang dans les selles - Homme 55 ans,Clinique de médecine générale,anamnese_examen,C,,0.40,[usmle_amboss_non_pediatric_no_match] Source USMLE/AMBOSS non triviale à transposer en droit CH — vérifier expert avant annotation,false,B,,
USMLE-38,USMLE,Tremblement - Homme 66 ans,Clinique de médecine générale,anamnese_examen,C,,0.40,[usmle_amboss_non_pediatric_no_match] Source USMLE/AMBOSS non triviale à transposer en droit CH — vérifier expert avant annotation,false,B,,
USMLE-39,USMLE,Prise de poids - Femme 30 ans,Cabinet médical,anamnese_examen,C,,0.40,[usmle_amboss_non_pediatric_no_match] Source USMLE/AMBOSS non triviale à transposer en droit CH — vérifier expert avant annotation,false,B,,
USMLE-40,USMLE,Diarrhée nourrisson - Fille 6 mois,Consultation téléphonique au cabinet,teleconsultation,C,,0.40,"[teleconsult_non_violence] Téléconsultation hors maltraitance — responsabilité médicale, hors scope Phase 6 J1",false,B,,
USMLE-41,USMLE,Énurésie nocturne - Garçon 8 ans,Cabinet médical,pediatrie_accompagnant,C,,0.40,"[pediatrics_no_redflag] Pédiatrie standard sans red flag de maltraitance — consentement parental implicite, hors scope Phase 5/6",false,B,,
USMLE-42,USMLE,Convulsions enfant - Fille 11 mois,Service d'urgences,pediatrie_accompagnant,C,,0.40,"[pediatrics_no_redflag] Pédiatrie standard sans red flag de maltraitance — consentement parental implicite, hors scope Phase 5/6",false,B,,
USMLE-43,USMLE,Mal de gorge - Homme 21 ans,Cabinet médical,anamnese_examen,C,,0.40,[usmle_amboss_non_pediatric_no_match] Source USMLE/AMBOSS non triviale à transposer en droit CH — vérifier expert avant annotation,false,B,,
USMLE-44,USMLE,Perte de connaissance - Homme 49 ans,Service d'urgences,anamnese_examen,C,,0.40,[usmle_amboss_non_pediatric_no_match] Source USMLE/AMBOSS non triviale à transposer en droit CH — vérifier expert avant annotation,false,B,,
